<?xml version="1.0" encoding="UTF-8"?>
<objects serializationModel="Studio.02.01.00">
	<object class="AudioFile" id="{505a4042-a1a9-40ec-ad00-835ea30434d3}">
		<property name="assetPath">
			<value>Theme_of_Persephone_DEMO.mp3</value>
		</property>
		<property name="isStreaming">
			<value>true</value>
		</property>
		<property name="frequencyInKHz">
			<value>44.0999985</value>
		</property>
		<property name="channelCount">
			<value>2</value>
		</property>
		<property name="length">
			<value>102.45224489795919</value>
		</property>
		<relationship name="masterAssetFolder">
			<destination>{50b2a397-d1dc-4706-8124-4d0c75ed8362}</destination>
		</relationship>
	</object>
</objects>
