<?xml version="1.0" encoding="UTF-8"?>
<objects serializationModel="Studio.02.01.00">
	<object class="Workspace" id="{51589a72-8e6c-4e2e-814a-9155440201c1}">
		<relationship name="projectSettings">
			<destination>{5452aeff-8361-44d5-90c2-d85edc6a4ffd}</destination>
		</relationship>
	</object>
	<object class="ProjectSettings" id="{5452aeff-8361-44d5-90c2-d85edc6a4ffd}">
		<relationship name="activePlatform">
			<destination>{06613fa1-6289-4f2d-9b1c-8dab4df1e170}</destination>
		</relationship>
	</object>
</objects>
